-- Auto-generated seed. DO NOT EDIT MANUALLY.
-- Source: data/patients.csv, data/visits.csv, data/followups.csv
-- Regenerate: npx tsx scripts/csv-to-seed.ts
--
-- Idempotent: truncate + insert. Safe to re-run during Supabase bring-up.

begin;

truncate table corrections, followups, visits, patients restart identity cascade;

-- ─── patients (150 rows) ────────────────────────────────────────────────────
insert into patients (id, name, species, breed, age_years, sex, owner_name, owner_phone, owner_telegram) values
  ('32c0e293-0e72-42c0-b8ed-33f47b1f6305', 'Snowball', 'Dog', 'Golden Retriever', 7, 'Female (spayed)', 'Nurul Huda', null, '@amirul23'),
  ('59b7f223-fd59-4475-89b4-67590ff6d446', 'Ginger', 'Cat', 'Maine Coon', 11, 'Male (neutered)', 'Suresh Kumar', '+60 17 703 5557', null),
  ('15a0d1ed-38a2-4265-8670-d7bf3c1573a9', 'Max', 'Dog', 'Poodle', 4, 'Female (intact)', 'Kevin Ng', '+60 17 199 6881', null),
  ('9e297e76-6b60-4bbb-9cbf-c9a7e99018a8', 'Rambo', 'Rabbit', 'Mini Rex', 1, 'Male', 'Michelle Chan', null, null),
  ('a2bd76de-0f4e-4969-af6c-a0b5d38f1161', 'Rex', 'Rabbit', 'Mini Rex', 2, 'Male', 'Marcus Chen', '+60 11 338 2654', null),
  ('1d1911ca-7928-4e8e-85c9-99fedba650e8', 'Sadie', 'Hamster', 'Roborovski', 2, 'Female', 'Aaron Teh', '+60 19 373 2169', null),
  ('eef67cf8-9ac1-4437-b028-ec90fd5216bc', 'Zoe', 'Bird', 'Lovebird', 2, 'Male', 'Ryan Chong', '+60 19 804 4598', null),
  ('5682bcf9-2fb8-4127-b762-e7c06f0da854', 'Amber', 'Rabbit', 'Holland Lop', 3, 'Male', 'Bryan Ong', '+60 13 680 6155', null),
  ('8722ae42-448c-4fcc-a4c1-0a7547e41b4d', 'Matcha', 'Cat', 'Scottish Fold', 8, 'Female (intact)', 'Rosnah Daud', '+60 13 862 9830', null),
  ('e8871f9d-e8b4-4bc5-ab11-f6d1ff3be3fb', 'Tofu', 'Rabbit', 'Lionhead', 5, 'Female', 'Nadia Osman', '+60 12 981 2796', null),
  ('c6474c94-4e97-47a2-8499-106ded7289b6', 'Tucker', 'Cat', 'Persian', 7, 'Female (intact)', 'Anand Patel', '+60 18 357 1188', null),
  ('ff982510-f70c-4b82-bb05-b4410413b65f', 'Bailey', 'Dog', 'Cocker Spaniel', 2, 'Female (spayed)', 'Marcus Chen', '+60 17 103 5315', null),
  ('e2d4005a-1c96-4aca-8f22-22def073c325', 'Lily', 'Bird', 'Budgerigar', 5, 'Male', 'Anand Patel', '+60 16 880 3646', null),
  ('fa2023ed-f676-42e5-810d-11a6db308036', 'Teh', 'Bird', 'Lovebird', 1, 'Male', 'Norhaslinda Kassim', '+60 11 926 6038', null),
  ('b045f5a2-e8e5-43ac-b5b8-af695ad5d7b4', 'Coco', 'Cat', 'Domestic Shorthair', 2, 'Male (intact)', 'Nadia Osman', '+60 11 645 3060', null),
  ('5153a7f7-73dd-4d96-a4e3-75cc546a8324', 'Rusty', 'Cat', 'Scottish Fold', 10, 'Male (intact)', 'Justin Koh', '+60 18 873 4295', null),
  ('222ba0c1-e6df-4ffb-93d5-c66faf2ba66d', 'Mango', 'Rabbit', 'Lionhead', 4, 'Female', 'Norhaslinda Kassim', '+60 12 446 1344', null),
  ('9ba79227-44d7-46e5-880e-7c5584f8c08d', 'Milo', 'Bird', 'Lovebird', 1, 'Male', 'Farah Azmi', '+60 12 980 6413', null),
  ('1534b7e3-ee1d-443b-a946-c2083afb37d5', 'Teh', 'Dog', 'Schnauzer', 4, 'Male (intact)', 'Suresh Kumar', '+60 18 690 8744', null),
  ('2a6f7739-00e3-49e3-ac0e-ae41d072a1a3', 'Maggie', 'Cat', 'Scottish Fold', 7, 'Female (intact)', 'Vanessa Yap', '+60 19 155 2612', null),
  ('acc304b5-0deb-45fa-8899-f5445d1947a7', 'Biscuit', 'Dog', 'Siberian Husky', 4, 'Female (spayed)', 'Fadzillah Ibrahim', '+60 17 243 7912', null),
  ('6b567b74-1769-48d5-9edd-1e229256b889', 'Mochi', 'Cat', 'Siamese', 11, 'Female (intact)', 'Suresh Kumar', '+60 12 871 4872', '@zulkifli66'),
  ('0491cf28-2f97-4593-a2f5-06551abd1bc0', 'Rusty', 'Cat', 'Bengal', 7, 'Female (intact)', 'Farah Azmi', '+60 12 499 5345', null),
  ('3e3ea862-8a1d-4dd7-a01b-5dbf6135221a', 'Caramel', 'Hamster', 'Roborovski', 5, 'Female', 'Nadia Osman', '+60 16 322 1958', null),
  ('bcde386a-e6fc-4a88-9bb5-70410c3ae252', 'Mochi', 'Bird', 'Lovebird', 1, 'Male', 'Deepa Krishnan', '+60 11 643 3579', null),
  ('5274ea6e-7ada-4df5-94a8-633e57fa28ca', 'Bella', 'Dog', 'Schnauzer', 10, 'Male (neutered)', 'Zulkifli Hamid', '+60 13 513 2964', null),
  ('298b6dcd-4f32-409b-a43c-c4a9dbb095fd', 'Duke', 'Bird', 'Budgerigar', 5, 'Male', 'Rajan Nair', '+60 16 309 6147', null),
  ('785dc9b6-0c8e-4e8e-8238-119c6b41f5cd', 'Maple', 'Cat', 'Siamese', 2, 'Female (intact)', 'Aisyah Rahman', '+60 18 202 2200', null),
  ('701176ca-a8c6-4c3e-a268-6e9c9370d773', 'Sadie', 'Bird', 'Budgerigar', 3, 'Female', 'Khairul Anwar', '+60 18 820 5956', '@sophia18'),
  ('0c816687-9cfa-4f7c-8166-657f954e2154', 'Tiger', 'Bird', 'Lovebird', 3, 'Male', 'Ahmad Rizal', '+60 13 370 2891', null),
  ('3b6a20dc-27bb-43e8-8e21-5c81bb72ba34', 'Midnight', 'Dog', 'Cocker Spaniel', 4, 'Male (intact)', 'Kevin Ng', '+60 19 973 5325', null),
  ('49fe998c-d363-4577-81fa-01fa226147b6', 'Ruby', 'Bird', 'Cockatiel', 1, 'Female', 'Siti Aminah', '+60 11 383 1722', null),
  ('bbe15994-b381-42d9-af14-2995c19371d5', 'Simba', 'Dog', 'Chihuahua', 3, 'Male (intact)', 'Audrey Leong', '+60 17 674 1158', null),
  ('9a749d1a-a9fe-463c-b9b1-d42c26c4096e', 'Pearl', 'Dog', 'German Shepherd', 6, 'Male (intact)', 'Deepa Krishnan', '+60 17 230 1685', null),
  ('0b8a744d-b3e2-4c27-bdb4-e0687d7c8803', 'Daisy', 'Rabbit', 'Mini Rex', 2, 'Male', 'Ahmad Rizal', '+60 18 995 7658', null),
  ('489e265e-5c4a-48c7-ac2e-0a2543e31a1b', 'Zoe', 'Bird', 'Lovebird', 2, 'Male', 'Syazwani Othman', '+60 12 283 6442', null),
  ('859e34a3-8a47-4423-be01-756ead1567d5', 'Ivy', 'Hamster', 'Dwarf Campbell', 1, 'Male', 'Michelle Chan', '+60 11 581 4644', null),
  ('d4007e47-0eaf-4ee7-9ecb-ae5cc3103ce9', 'Ivy', 'Cat', 'Scottish Fold', 14, 'Female (spayed)', 'Liyana Rahim', '+60 19 297 7528', null),
  ('4baae84a-2070-4ad5-9cc7-f15f053ca4a5', 'Nala', 'Rabbit', 'Mini Rex', 3, 'Male', 'Arjun Pillai', '+60 11 649 6425', null),
  ('5f129a62-c862-4290-8426-93fa9ec0151f', 'Midnight', 'Dog', 'Shih Tzu', 7, 'Female (spayed)', 'Sophia Lim', '+60 16 546 9379', '@lim14'),
  ('bb56ca43-43ff-4676-a272-cd751dae04da', 'Ginger', 'Dog', 'Siberian Husky', 7, 'Male (intact)', 'Aisyah Rahman', '+60 11 651 4228', null),
  ('377ad087-a4d4-45e8-98c5-1fe4ce403757', 'Bailey', 'Rabbit', 'Lionhead', 5, 'Male', 'Emily Wong', '+60 12 837 5920', null),
  ('21650d12-8292-46f1-9c18-d25048848d8e', 'Waffles', 'Bird', 'Cockatiel', 3, 'Female', 'Meena Devi', '+60 17 780 7211', null),
  ('0905ebdb-e8b5-4829-938a-b6a9e67a256e', 'Pearl', 'Cat', 'Burmese', 1, 'Female (spayed)', 'James Lee', '+60 17 904 6279', null),
  ('1b779340-3217-48cb-8412-539f762c479a', 'Durian', 'Hamster', 'Roborovski', 4, 'Female', 'Khairul Anwar', '+60 16 627 6491', null),
  ('32aa3af6-2f1d-4434-ad5e-fe269550f295', 'Rex', 'Dog', 'Dachshund', 4, 'Female (spayed)', 'Priya Subramaniam', '+60 11 174 8461', '@fadzillah28'),
  ('d866198b-97e7-45af-9590-e67fae70a24c', 'Tucker', 'Hamster', 'Dwarf Campbell', 4, 'Male', 'Bryan Ong', '+60 19 804 1090', null),
  ('0219a5bf-7bec-4ee1-ba19-fec2f5733c0c', 'Tiger', 'Dog', 'Border Collie', 4, 'Male (intact)', 'Norhaslinda Kassim', '+60 11 575 9702', '@kavitha69'),
  ('0a4fef34-8e5d-4346-8ee9-175a95e77380', 'Domino', 'Bird', 'Lovebird', 4, 'Female', 'Arjun Pillai', '+60 18 556 3607', null),
  ('9b4b84db-0acb-4d57-b182-3d3facc1fcac', 'Pearl', 'Hamster', 'Roborovski', 3, 'Female', 'Kavitha Rajan', '+60 13 381 8206', null),
  ('964962e1-206c-497b-9eb0-424f5a5aaa21', 'Cooper', 'Dog', 'Rottweiler', 9, 'Male (intact)', 'Siti Aminah', '+60 13 492 3503', null),
  ('6b6b44b2-bf46-4fc9-a8a1-6343ba1c1d09', 'Rambo', 'Cat', 'British Shorthair', 8, 'Female (intact)', 'Vanessa Yap', null, null),
  ('b6e83e40-8bb7-4d57-8577-6e1c0886c6f2', 'Maple', 'Hamster', 'Roborovski', 5, 'Male', 'Michelle Chan', '+60 16 405 7389', null),
  ('1b33c09f-2a70-4910-92df-42a05bf7bebe', 'Nala', 'Hamster', 'Dwarf Campbell', 4, 'Male', 'Nadia Osman', null, null),
  ('a27aa909-874c-40bd-ba6b-b3f5cbc008db', 'Tofu', 'Rabbit', 'Lionhead', 5, 'Male', 'Suresh Kumar', null, null),
  ('cadbc9c8-678c-4a90-8c57-d78cf38c5f0b', 'Buddy', 'Hamster', 'Dwarf Campbell', 1, 'Male', 'Lim Wei Ming', '+60 13 565 6355', null),
  ('080abf3c-523c-415e-90c6-c2969f419aa0', 'Pearl', 'Rabbit', 'Lionhead', 4, 'Female', 'Lim Wei Ming', '+60 17 119 9837', null),
  ('6ef746e8-77fc-447e-a0ec-6b5cb0b2d9cf', 'Willow', 'Dog', 'Maltese', 11, 'Male (intact)', 'Nurul Huda', '+60 13 304 1333', null),
  ('17393606-d930-4756-becb-f0faa263ece3', 'Athena', 'Bird', 'Budgerigar', 3, 'Male', 'Aaron Teh', '+60 18 865 2876', '@norhaslinda82'),
  ('c19d197f-cd83-4348-8a66-c8971dee456f', 'Lily', 'Cat', 'Siamese', 10, 'Male (neutered)', 'Michelle Chan', '+60 19 303 2245', null),
  ('30541248-f3bc-4f31-9cd1-4647ebbb1621', 'Ivy', 'Bird', 'Lovebird', 5, 'Male', 'Nurul Huda', '+60 17 777 7071', '@james97'),
  ('c54a585d-fcc5-477e-86af-5c207476fb6f', 'Zeus', 'Dog', 'Schnauzer', 6, 'Female (spayed)', 'Ryan Chong', '+60 17 280 9548', '@vanessa72'),
  ('62292319-ab60-4018-b037-df63f1643a3a', 'Caramel', 'Rabbit', 'Lionhead', 5, 'Female', 'Sarah Goh', '+60 13 950 2419', null),
  ('1d68fa9a-779b-4db0-9e60-6ac97224d5c7', 'Shadow', 'Rabbit', 'Lionhead', 5, 'Male', 'Michelle Chan', '+60 17 971 6325', null),
  ('32850231-0e57-4b8e-84a6-4c62bf9f8da4', 'Simba', 'Cat', 'Scottish Fold', 6, 'Male (intact)', 'Sarah Goh', '+60 19 382 1166', null),
  ('12247f37-9cb5-4ec8-ac4f-600131645306', 'Waffles', 'Bird', 'Budgerigar', 4, 'Male', 'Nadia Osman', '+60 12 195 5820', '@vanessa72'),
  ('321702ca-c6ee-4882-b6fb-b1fbed28d1b4', 'Snowball', 'Cat', 'Bengal', 6, 'Male (intact)', 'Priya Subramaniam', '+60 16 535 6419', null),
  ('1e7bb505-d33c-4fbb-8ad1-e96e81f1a7c8', 'Lola', 'Rabbit', 'Lionhead', 1, 'Female', 'Fadzillah Ibrahim', '+60 19 648 4033', null),
  ('c664641a-6869-447e-a8af-9b596c97cf11', 'Snowball', 'Cat', 'Maine Coon', 13, 'Female (intact)', 'Kavitha Rajan', '+60 12 952 4180', null),
  ('914fba88-a134-4cb2-ab33-e849667b12ef', 'Nala', 'Rabbit', 'Netherland Dwarf', 1, 'Female', 'Farah Azmi', '+60 19 229 9042', '@aisyah78'),
  ('16b1d5cf-c078-4164-8738-2fb3cb6cf9dc', 'Apollo', 'Dog', 'Golden Retriever', 6, 'Female (spayed)', 'Syazwani Othman', '+60 16 982 8827', null),
  ('cc2cedc0-646d-4801-9602-6247e6fcf13a', 'Shadow', 'Dog', 'German Shepherd', 11, 'Female (intact)', 'Farah Azmi', '+60 11 676 5978', null),
  ('3e916192-70e6-4c46-9585-58dc9988e645', 'Duke', 'Dog', 'Dachshund', 10, 'Male (neutered)', 'Anand Patel', '+60 13 894 9561', null),
  ('282e5556-e50f-4273-a942-ab56ff9f4f7d', 'Snowball', 'Hamster', 'Roborovski', 4, 'Female', 'James Lee', '+60 12 724 2625', null),
  ('818ffd29-b915-46ed-8b45-85fcf519acec', 'Charlie', 'Cat', 'Maine Coon', 4, 'Female (spayed)', 'Syazwani Othman', '+60 13 102 7693', null),
  ('f73fd2eb-fc5a-45b9-af6c-8f923c6baaac', 'Lola', 'Hamster', 'Dwarf Campbell', 3, 'Female', 'Marcus Chen', '+60 17 172 4824', null),
  ('7312d06e-9e40-4ad7-aee4-02780dd4db9e', 'Nala', 'Rabbit', 'Netherland Dwarf', 2, 'Female', 'Zulkifli Hamid', null, '@liyana92'),
  ('202f23de-74b3-4dae-9c7d-e6bcf128ad1e', 'Nala', 'Rabbit', 'Mini Rex', 5, 'Female', 'Suresh Kumar', '+60 12 712 1653', null),
  ('89fd0637-352b-438a-8e35-a3211965f685', 'Luna', 'Hamster', 'Dwarf Campbell', 1, 'Female', 'Liyana Rahim', '+60 11 981 1339', null),
  ('d3599552-309c-45a0-b323-d33d2d6e1973', 'Matcha', 'Rabbit', 'Holland Lop', 4, 'Male', 'Sarah Goh', '+60 18 546 9056', null),
  ('0fe4fc99-f6a2-484c-8fc6-5c7d22dd3a12', 'Cooper', 'Dog', 'Pomeranian', 11, 'Female (spayed)', 'Ahmad Rizal', '+60 16 521 9117', null),
  ('a585e3ff-8678-4c1f-b949-d5df5883f988', 'Cooper', 'Rabbit', 'Lionhead', 3, 'Male', 'Emily Wong', '+60 11 513 9431', null),
  ('9918df45-38c0-4e65-81d8-129cbb066b60', 'Rocky', 'Dog', 'Cocker Spaniel', 9, 'Female (intact)', 'Aaron Teh', '+60 17 740 8242', null),
  ('9ab6346c-807c-4234-a7bd-f4ca510cf097', 'Oscar', 'Dog', 'Beagle', 8, 'Female (spayed)', 'Nadia Osman', '+60 19 723 4920', null),
  ('72fb27c4-5f8e-4927-bdaf-25d1efb4d064', 'Coco', 'Cat', 'Siamese', 4, 'Male (neutered)', 'Norhaslinda Kassim', '+60 12 763 3522', null),
  ('39fb1389-d8fd-4762-8fd5-bca48ce7a6e4', 'Nala', 'Hamster', 'Dwarf Campbell', 4, 'Female', 'Priya Subramaniam', '+60 13 567 3369', null),
  ('f67f509d-a815-48b6-a48f-5e18071782f7', 'Nala', 'Hamster', 'Syrian', 4, 'Male', 'Kevin Ng', '+60 18 373 1042', null),
  ('522ddd81-2f62-4419-a167-7e392cd61770', 'Apollo', 'Rabbit', 'Mini Rex', 5, 'Female', 'Priya Subramaniam', '+60 18 881 9903', null),
  ('b2ffcd71-c120-475a-a184-eb645c4e940d', 'Waffles', 'Hamster', 'Roborovski', 2, 'Female', 'Rajan Nair', '+60 11 894 7730', null),
  ('3ae8cd7e-caf1-40dc-9e36-ab8733028b4c', 'Amber', 'Dog', 'Chihuahua', 7, 'Female (intact)', 'Michelle Chan', '+60 11 940 3492', null),
  ('e4a3a4bb-2b5c-475b-85a2-5d7a10c66e01', 'Snowball', 'Hamster', 'Syrian', 3, 'Male', 'Ahmad Rizal', '+60 17 202 9617', null),
  ('fd3e9682-3d1c-485c-ad49-4aeb6cfa66a7', 'Matcha', 'Hamster', 'Syrian', 2, 'Male', 'Zulkifli Hamid', '+60 16 446 7512', null),
  ('8c58a880-1781-469d-90eb-c9b52641740a', 'Boba', 'Dog', 'Chihuahua', 12, 'Female (intact)', 'Nadia Osman', '+60 12 732 2121', null),
  ('6ad297d6-b18a-47fb-92d2-ca8dcc248f6b', 'Zeus', 'Cat', 'Siamese', 2, 'Male (intact)', 'Ahmad Rizal', '+60 19 406 1474', null),
  ('28a303fa-9a21-4fd6-ba1a-704d59010082', 'Sadie', 'Dog', 'Chihuahua', 7, 'Male (neutered)', 'Rosnah Daud', '+60 17 679 3950', null),
  ('87f37376-6322-480d-957b-ef7ae95cab02', 'Tucker', 'Cat', 'Persian', 10, 'Male (neutered)', 'Daniel Tan', '+60 18 246 4804', null),
  ('2cbcf5ed-72be-41ef-b438-185139592f38', 'Oreo', 'Hamster', 'Dwarf Campbell', 1, 'Female', 'Ryan Chong', '+60 19 659 3588', null),
  ('db15f64a-2b8a-4244-9c75-574d16d8b098', 'Lily', 'Dog', 'Bulldog', 11, 'Female (spayed)', 'Justin Koh', '+60 17 965 5949', null),
  ('157779f0-0d0f-40cd-9207-2f5ec80d7ca7', 'Shadow', 'Cat', 'Bengal', 5, 'Female (intact)', 'Marcus Chen', null, null),
  ('94db0a98-6c24-4250-821f-8c8677ffa7d5', 'Peanut', 'Hamster', 'Roborovski', 1, 'Male', 'Anand Patel', '+60 11 393 4770', null),
  ('0a6cc1b1-9ac1-402c-b188-84e176635234', 'Cinnamon', 'Bird', 'Cockatiel', 3, 'Male', 'Amirul Hakim', '+60 19 761 1645', null),
  ('15c90921-7ce5-4f01-888e-79e04cde3bbb', 'Caramel', 'Rabbit', 'Lionhead', 2, 'Male', 'Siti Aminah', '+60 16 865 7807', null),
  ('297d9c1c-6481-4ea2-8484-367828cabe05', 'Patches', 'Cat', 'Maine Coon', 6, 'Male (intact)', 'Kavitha Rajan', '+60 16 950 3695', null),
  ('d486d753-5b8e-4632-ac66-f73bfa22c9a9', 'Bailey', 'Rabbit', 'Lionhead', 1, 'Female', 'Ryan Chong', '+60 13 872 4696', null),
  ('9cb483cf-1214-4bfc-9d69-d0dde082d86d', 'Rambo', 'Hamster', 'Dwarf Campbell', 1, 'Female', 'Ryan Chong', '+60 19 788 5295', null),
  ('764d2041-55fa-4406-afed-ee50b2592026', 'Cinnamon', 'Bird', 'Cockatiel', 5, 'Female', 'Emily Wong', '+60 13 763 2035', '@liyana70'),
  ('80fe6bb9-7b2e-4ee7-b6b5-933e55195dd3', 'Pepper', 'Hamster', 'Dwarf Campbell', 2, 'Female', 'Nurul Huda', '+60 16 604 2902', null),
  ('5f0ffab6-09a2-425c-a707-5a86a698bbf3', 'Sadie', 'Dog', 'Dachshund', 11, 'Male (intact)', 'Suresh Kumar', '+60 19 844 3531', null),
  ('ea8f52b3-1cfb-4ef7-b500-ff901c68155e', 'Cinnamon', 'Hamster', 'Dwarf Campbell', 4, 'Male', 'Sarah Goh', null, null),
  ('86dfa918-6f43-4244-9947-a347c2ed9a39', 'Zoe', 'Rabbit', 'Netherland Dwarf', 3, 'Female', 'Ahmad Rizal', '+60 16 657 6876', null),
  ('4edb7424-2d33-4498-b956-f69edad32b8a', 'Oreo', 'Dog', 'Siberian Husky', 4, 'Female (spayed)', 'Anand Patel', '+60 12 905 6464', '@norhaslinda68'),
  ('d72efae0-3af2-440b-8df7-0d6229b8c76f', 'Jade', 'Cat', 'Persian', 14, 'Male (intact)', 'Liyana Rahim', '+60 13 907 1046', '@meena36'),
  ('ee0a0e09-7d00-49af-847d-0a48c8e1f2ba', 'Amber', 'Rabbit', 'Netherland Dwarf', 2, 'Male', 'Norhaslinda Kassim', '+60 12 234 1243', null),
  ('a1e0c061-b9d0-4bc9-8d89-fb596754b480', 'Hazel', 'Rabbit', 'Netherland Dwarf', 4, 'Female', 'Kavitha Rajan', '+60 12 587 8344', '@lim16'),
  ('61c17948-fee4-4f33-9561-71bf40ab6b22', 'Cinnamon', 'Rabbit', 'Holland Lop', 1, 'Female', 'Kavitha Rajan', '+60 19 131 1996', null),
  ('392abfe7-d8dc-4b4a-9e0c-59a300b9938d', 'Teh', 'Hamster', 'Roborovski', 4, 'Female', 'Zulkifli Hamid', '+60 16 722 3430', null),
  ('99925926-46d8-49fa-be20-8e03b1a10cf7', 'Snowball', 'Dog', 'Mixed', 9, 'Female (spayed)', 'Emily Wong', '+60 18 643 5831', null),
  ('67eff613-478e-401d-ae09-6e3de555c0f0', 'Zeus', 'Hamster', 'Dwarf Campbell', 4, 'Female', 'Liyana Rahim', '+60 11 564 7532', '@norhaslinda93'),
  ('56c3e782-278f-4906-8a28-2252de11d5fc', 'Cooper', 'Hamster', 'Dwarf Campbell', 3, 'Male', 'Aaron Teh', '+60 19 585 2099', null),
  ('7a93f58b-575f-4ace-9fa5-6e1b5adc63b6', 'Hazel', 'Dog', 'German Shepherd', 12, 'Male (neutered)', 'Aaron Teh', '+60 18 161 6400', null),
  ('003dc73d-bc30-4e2e-8601-6fda9361eea8', 'Maple', 'Dog', 'Border Collie', 7, 'Female (spayed)', 'Farah Azmi', '+60 18 419 6761', null),
  ('7c799cee-d10c-42c3-91f6-786642a189b2', 'Maggie', 'Dog', 'Schnauzer', 14, 'Male (intact)', 'Meena Devi', '+60 11 385 4705', '@priya38'),
  ('2f55ba40-2917-42b6-9279-fdcc3f6a414b', 'Oreo', 'Hamster', 'Dwarf Campbell', 3, 'Male', 'Hafiz Ismail', '+60 19 880 6062', null),
  ('ad5425a8-f23b-49bf-b474-54195fb69e19', 'Bella', 'Rabbit', 'Mini Rex', 2, 'Male', 'Hafiz Ismail', '+60 18 320 7163', null),
  ('815c5416-7dbd-44ca-9b71-5172ce52e409', 'Patches', 'Hamster', 'Roborovski', 1, 'Female', 'Rosnah Daud', '+60 18 150 2336', '@james51'),
  ('f350877b-60fd-4757-a0b4-34cd6464425b', 'Apollo', 'Rabbit', 'Lionhead', 4, 'Female', 'Sarah Goh', '+60 18 216 6655', null),
  ('eeae3366-640e-43d2-9096-002e9094e4d6', 'Snowball', 'Hamster', 'Syrian', 4, 'Female', 'Kavitha Rajan', '+60 12 325 7475', null),
  ('f9999d4c-3606-43cc-a30e-add7601f1b4f', 'Oscar', 'Bird', 'Budgerigar', 3, 'Male', 'Norhaslinda Kassim', null, null),
  ('9f980d86-5a63-4550-b912-b7daa60335c6', 'Ginger', 'Hamster', 'Syrian', 2, 'Male', 'Arjun Pillai', '+60 19 925 6802', null),
  ('b00d7d5a-0d34-47e3-8ebc-c8cfeed05c5a', 'Athena', 'Dog', 'Siberian Husky', 2, 'Male (neutered)', 'Emily Wong', '+60 18 514 7843', null),
  ('459f7c91-d6e7-462e-9285-a8fa4e1d6e45', 'Pearl', 'Rabbit', 'Holland Lop', 3, 'Female', 'Siti Aminah', '+60 12 349 8138', null),
  ('4ef8d984-205a-49db-a046-e2451f40a641', 'Lily', 'Bird', 'Cockatiel', 3, 'Male', 'Liyana Rahim', '+60 13 178 9363', null),
  ('71011f46-c4a9-4c41-907a-da7ba5618125', 'Maggie', 'Dog', 'Schnauzer', 6, 'Male (intact)', 'Rosnah Daud', '+60 13 362 4232', null),
  ('23ea960d-3f7a-4184-969f-2cc9db71d39d', 'Matcha', 'Cat', 'Burmese', 2, 'Male (intact)', 'Syazwani Othman', '+60 19 605 8601', null),
  ('2db52b5b-d938-43f8-b32e-a4c20b85a4a0', 'Patches', 'Bird', 'Lovebird', 5, 'Female', 'Emily Wong', '+60 19 423 3473', null),
  ('258015cb-7010-4bf7-80e7-7c7dc571de28', 'Lily', 'Hamster', 'Syrian', 3, 'Female', 'Deepa Krishnan', null, null),
  ('68a07a89-bc7d-4e68-ba4f-b846117eb120', 'Rex', 'Bird', 'Budgerigar', 1, 'Female', 'Aaron Teh', '+60 12 760 2479', null),
  ('fd53f6ac-0990-471d-b88a-5086514782a4', 'Tiger', 'Bird', 'Lovebird', 1, 'Female', 'Audrey Leong', '+60 18 767 4084', null),
  ('297ce9b4-1ea6-4a0b-8dab-a81e2bdffddf', 'Apollo', 'Rabbit', 'Lionhead', 1, 'Male', 'Kevin Ng', '+60 12 616 3827', null),
  ('3e8d2f0b-0727-45d5-9ef3-6d4f66fe5bab', 'Mango', 'Dog', 'Dachshund', 9, 'Female (intact)', 'Khairul Anwar', '+60 16 496 7697', null),
  ('5176ecf5-17ae-4cf0-b99b-088b59f8fa52', 'Oscar', 'Rabbit', 'Holland Lop', 3, 'Female', 'Anand Patel', '+60 16 183 3317', null),
  ('7a991886-18fa-4bfd-a6d8-e3bafd288afd', 'Matcha', 'Rabbit', 'Mini Rex', 3, 'Female', 'Amirul Hakim', '+60 11 856 9624', null),
  ('106b51eb-9ad0-4b07-b98a-cd65180763e7', 'Bailey', 'Dog', 'Border Collie', 13, 'Female (spayed)', 'Nadia Osman', '+60 13 258 2264', '@james33'),
  ('a32c76c3-5bf9-4326-be67-f6abb344f0ee', 'Patches', 'Rabbit', 'Holland Lop', 5, 'Male', 'Amirul Hakim', '+60 13 266 3962', null),
  ('1c6ac04b-248c-40eb-8c83-3894e0d8f1b8', 'Apollo', 'Bird', 'Budgerigar', 5, 'Female', 'Marcus Chen', '+60 11 559 4833', '@aaron96'),
  ('2aaa28ca-d4af-49a5-88e4-e641b82299ab', 'Ivy', 'Bird', 'Budgerigar', 4, 'Female', 'Fadzillah Ibrahim', '+60 18 551 8564', null),
  ('753ed31b-c839-4559-96cc-be790c45d6c6', 'Jade', 'Rabbit', 'Lionhead', 2, 'Female', 'Anand Patel', '+60 16 153 8873', null),
  ('7e1faf89-8fb5-43e8-8c08-5757f7678552', 'Maple', 'Rabbit', 'Holland Lop', 2, 'Male', 'Sarah Goh', '+60 18 250 8167', null),
  ('591ba1cd-9b10-4aa7-b91f-1310e95c6e4f', 'Luna', 'Dog', 'Dachshund', 7, 'Female (intact)', 'Farah Azmi', '+60 16 341 7326', null),
  ('2698f9ab-9b12-44ff-b769-96496db964f8', 'Ivy', 'Dog', 'Maltese', 3, 'Male (intact)', 'Amirul Hakim', null, null);

-- ─── visits (150 rows) ────────────────────────────────────────────────────────
insert into visits (id, patient_id, visit_date, raw_notes, soap_note) values
  ('2c424e46-e8dd-4986-987c-1f4b8f70a3c4', '32c0e293-0e72-42c0-b8ed-33f47b1f6305', '2026-02-24', 'Ringworm confirmed. Itraconazole 12d + topical antifungal.', null),
  ('bc74de32-f6d0-4a89-b204-7a216ad75f38', '59b7f223-fd59-4475-89b4-67590ff6d446', '2026-04-23', 'Otitis externa bilateral. Ear drops 13d course started.', null),
  ('1ad36c56-4e40-4634-89a2-c6cb83680212', '15a0d1ed-38a2-4265-8670-d7bf3c1573a9', '2026-03-20', 'First visit. Inappetence 5d. Physical exam performed.', null),
  ('f6c1f85d-1203-4f3f-bdd1-282a7de35217', '9e297e76-6b60-4bbb-9cbf-c9a7e99018a8', '2026-02-26', 'TPLO post-op day 0. Right stifle. Carprofen + strict rest.', null),
  ('519ed76c-eb7c-47f6-805d-6ebad68e7e18', 'a2bd76de-0f4e-4969-af6c-a0b5d38f1161', '2026-02-19', 'Gastric dilation — monitored, stable, sent home with instructions.', null),
  ('c96fcec7-5a48-42f4-b570-8b0b3e69185a', '1d1911ca-7928-4e8e-85c9-99fedba650e8', '2026-03-11', 'First visit. Inappetence 7d. Physical exam performed.', null),
  ('0291cc80-0efa-4ce7-a654-ca870367a195', 'eef67cf8-9ac1-4437-b028-ec90fd5216bc', '2026-03-10', 'TPLO post-op day 0. Right stifle. Carprofen + strict rest.', null),
  ('39fd4a6f-131c-49aa-b116-aceb1fbd72ca', '5682bcf9-2fb8-4127-b762-e7c06f0da854', '2026-03-07', 'Annual health check. All within normal limits. Vaccines updated.', null),
  ('73d46612-6ac2-4376-9e4e-9de05fc40794', '8722ae42-448c-4fcc-a4c1-0a7547e41b4d', '2026-03-26', 'Heart murmur grade 3 detected. Echo referral issued.', null),
  ('aff3382d-b576-4329-af6e-921ef5044bde', 'e8871f9d-e8b4-4bc5-ab11-f6d1ff3be3fb', '2026-04-20', 'Annual health check. All within normal limits. Vaccines updated.', null),
  ('b75a9714-6b15-49a3-9e84-1685976a02de', 'c6474c94-4e97-47a2-8499-106ded7289b6', '2026-02-23', 'Abscess right cheek. Drained under sedation. Amoxiclav 6d.', null),
  ('73ade415-580f-4058-82cc-b780769226d1', 'ff982510-f70c-4b82-bb05-b4410413b65f', '2026-03-19', 'DHPP booster. No immediate reaction.', null),
  ('3241969c-dcec-495b-b3e1-dc4f4fd57798', 'e2d4005a-1c96-4aca-8f22-22def073c325', '2026-02-19', 'Upper respiratory infection. Doxycycline 9d + nebulisation.', null),
  ('81e60650-a999-443b-a767-a0f44d31ad74', 'fa2023ed-f676-42e5-810d-11a6db308036', '2026-04-01', 'Acute GI upset. Bland diet + metronidazole 10d.', null),
  ('54b1e133-cc65-4693-8774-eba099f4ffd5', 'b045f5a2-e8e5-43ac-b5b8-af695ad5d7b4', '2026-03-09', 'Wound laceration repair. 2 sutures placed.', null),
  ('ded52d00-a9be-489a-b371-e5dbdca97285', '5153a7f7-73dd-4d96-a4e3-75cc546a8324', '2026-02-21', 'Ringworm confirmed. Itraconazole 13d + topical antifungal.', null),
  ('40f8e3dc-41b0-4ac5-8d96-cd39de33d2aa', '222ba0c1-e6df-4ffb-93d5-c66faf2ba66d', '2026-03-02', 'TPLO post-op day 0. Right stifle. Carprofen + strict rest.', null),
  ('5f01d126-2e2e-4318-bca6-d90559664d1c', '9ba79227-44d7-46e5-880e-7c5584f8c08d', '2026-04-12', 'TPLO post-op day 0. Right stifle. Carprofen + strict rest.', null),
  ('0161c7fc-c725-4263-ae1a-d8e958f5f1c6', '1534b7e3-ee1d-443b-a946-c2083afb37d5', '2026-03-02', 'Senior wellness panel. BUN 56. Renal diet started.', null),
  ('0b64d6a5-3290-4779-bc75-fe91c64cf83d', '2a6f7739-00e3-49e3-ac0e-ae41d072a1a3', '2026-03-11', 'Flea infestation. Spot-on treatment applied. Environmental spray advised.', null),
  ('bb54b0b5-75e0-4639-9a37-997ed3a4b1dd', 'acc304b5-0deb-45fa-8899-f5445d1947a7', '2026-03-05', 'Annual health check. All within normal limits. Vaccines updated.', null),
  ('ff0db06c-16b5-4808-b803-dc571e2327bd', '6b567b74-1769-48d5-9edd-1e229256b889', '2026-02-28', 'Post-neuter day 0. Uncomplicated. E-collar + Carprofen.', null),
  ('33e56c53-cdac-42e1-85d0-d055c1e97d70', '0491cf28-2f97-4593-a2f5-06551abd1bc0', '2026-03-07', 'Gastric dilation — monitored, stable, sent home with instructions.', null),
  ('d34497ac-fa3a-4746-8787-d0c8f045ebfd', '3e3ea862-8a1d-4dd7-a01b-5dbf6135221a', '2026-02-28', 'Diabetes mellitus diagnosed. Insulin protocol started.', null),
  ('fb466b6b-712c-4e23-a66f-c9c2f1b8dcd7', 'bcde386a-e6fc-4a88-9bb5-70410c3ae252', '2026-03-16', 'Abscess right cheek. Drained under sedation. Amoxiclav 6d.', null),
  ('02448841-0933-425f-a01f-73af8037cc13', '5274ea6e-7ada-4df5-94a8-633e57fa28ca', '2026-04-02', 'Weight management consultation. Calorie plan given.', null),
  ('933f0234-2012-40e8-b8cb-23ac80d2ff0c', '298b6dcd-4f32-409b-a43c-c4a9dbb095fd', '2026-03-23', 'Ringworm confirmed. Itraconazole 14d + topical antifungal.', null),
  ('09bc1b3d-fe9e-4df7-95c7-50d926e12547', '785dc9b6-0c8e-4e8e-8238-119c6b41f5cd', '2026-02-22', 'DHPP booster. No immediate reaction.', null),
  ('f3a1ac7c-6ae6-4a26-8825-df14be880fa0', '701176ca-a8c6-4c3e-a268-6e9c9370d773', '2026-02-28', 'TPLO post-op day 0. Right stifle. Carprofen + strict rest.', null),
  ('e35896a1-fdc2-4f30-a374-818ee4b51cc5', '0c816687-9cfa-4f7c-8166-657f954e2154', '2026-02-15', 'Acute GI upset. Bland diet + metronidazole 7d.', null),
  ('0f614ca3-65b2-4997-a75f-fd8e7aeb116a', '3b6a20dc-27bb-43e8-8e21-5c81bb72ba34', '2026-03-28', 'Dental scale + 1 extraction(s). Uncomplicated.', null),
  ('20ce9839-8ad8-44b1-af20-5b30b1bd751e', '49fe998c-d363-4577-81fa-01fa226147b6', '2026-03-10', 'Cruciate ligament injury suspected. X-ray + referral.', null),
  ('d1c74615-fb09-4d60-bd98-b9100bf469db', 'bbe15994-b381-42d9-af14-2995c19371d5', '2026-04-14', 'TPLO post-op day 0. Right stifle. Carprofen + strict rest.', null),
  ('a55efa30-338f-4ad0-aad5-2c832781a2fa', '9a749d1a-a9fe-463c-b9b1-d42c26c4096e', '2026-04-16', 'Pyoderma L flank. Cephalexin 12d course started.', null),
  ('17865306-6bbe-4108-8431-01fb62d68f7c', '0b8a744d-b3e2-4c27-bdb4-e0687d7c8803', '2026-02-18', 'Annual health check. All within normal limits. Vaccines updated.', null),
  ('4dc7b5c2-c087-4162-bd90-7ee7ebcb323c', '489e265e-5c4a-48c7-ac2e-0a2543e31a1b', '2026-04-18', 'Dental scale + 3 extraction(s). Uncomplicated.', null),
  ('87eb2039-7267-4683-9884-5c9a04376603', '859e34a3-8a47-4423-be01-756ead1567d5', '2026-03-15', 'Ringworm confirmed. Itraconazole 13d + topical antifungal.', null),
  ('3397efb5-58de-4ac9-b19f-48ba7dc5a67a', 'd4007e47-0eaf-4ee7-9ecb-ae5cc3103ce9', '2026-03-24', 'DHPP booster. No immediate reaction.', null),
  ('84c5ecf3-ca3b-4748-a5fe-91f6c619a883', '4baae84a-2070-4ad5-9cc7-f15f053ca4a5', '2026-02-16', 'TPLO post-op day 0. Right stifle. Carprofen + strict rest.', null),
  ('b082fe7a-d9cd-4606-9f3c-cf3bff9df296', '5f129a62-c862-4290-8426-93fa9ec0151f', '2026-03-13', 'Gastric dilation — monitored, stable, sent home with instructions.', null),
  ('0439efec-3cc4-4498-9f54-4021fb4f45b4', 'bb56ca43-43ff-4676-a272-cd751dae04da', '2026-03-23', 'Abscess right cheek. Drained under sedation. Amoxiclav 14d.', null),
  ('22a1f62a-0e27-4108-98e8-702a6aa896c0', '377ad087-a4d4-45e8-98c5-1fe4ce403757', '2026-02-15', 'Acute GI upset. Bland diet + metronidazole 12d.', null),
  ('ec0f1d82-6efc-4ba6-93fd-d8dd1ca7577d', '21650d12-8292-46f1-9c18-d25048848d8e', '2026-03-05', 'Acute GI upset. Bland diet + metronidazole 5d.', null),
  ('1b131f60-f83e-4a37-a5cc-a2df673c1aa3', '0905ebdb-e8b5-4829-938a-b6a9e67a256e', '2026-03-03', 'Weight management consultation. Calorie plan given.', null),
  ('bec80f48-424a-4ef1-99b1-a03e559a6115', '1b779340-3217-48cb-8412-539f762c479a', '2026-03-16', 'Heart murmur grade 3 detected. Echo referral issued.', null),
  ('8fff243b-6d1c-4b20-8971-675c0a8447a6', '32aa3af6-2f1d-4434-ad5e-fe269550f295', '2026-02-13', 'Dental scale + 2 extraction(s). Uncomplicated.', null),
  ('bd67c266-4721-40a1-8668-ef33151c094d', 'd866198b-97e7-45af-9590-e67fae70a24c', '2026-02-27', 'First visit. Inappetence 5d. Physical exam performed.', null),
  ('ed177258-c330-4d62-b626-357e28cd8ba0', '0219a5bf-7bec-4ee1-ba19-fec2f5733c0c', '2026-03-03', 'First visit. Inappetence 14d. Physical exam performed.', null),
  ('2657a260-22df-42dc-81f6-b1f981e28dec', '0a4fef34-8e5d-4346-8ee9-175a95e77380', '2026-04-05', 'Weight management consultation. Calorie plan given.', null),
  ('cdc3749e-66cc-400c-8e61-145088034e69', '9b4b84db-0acb-4d57-b182-3d3facc1fcac', '2026-04-23', 'TPLO post-op day 0. Right stifle. Carprofen + strict rest.', null),
  ('8c319c2a-8cc8-4d43-996e-4fd33c28348b', '964962e1-206c-497b-9eb0-424f5a5aaa21', '2026-03-11', 'Post-neuter day 0. Uncomplicated. E-collar + Carprofen.', null),
  ('cebb9b3d-caca-4416-8198-bd43fb2c0ce8', '6b6b44b2-bf46-4fc9-a8a1-6343ba1c1d09', '2026-02-16', 'Post-spay day 0. Uncomplicated. Sent home on Meloxicam.', null),
  ('110bf7bb-df1a-4672-abd7-c10861060871', 'b6e83e40-8bb7-4d57-8577-6e1c0886c6f2', '2026-03-10', 'Diabetes mellitus diagnosed. Insulin protocol started.', null),
  ('76137d84-fa9b-4917-8692-177b2a946dae', '1b33c09f-2a70-4910-92df-42a05bf7bebe', '2026-02-12', 'Cruciate ligament injury suspected. X-ray + referral.', null),
  ('6632f4a4-84b3-49b1-8751-762fb86a598a', 'a27aa909-874c-40bd-ba6b-b3f5cbc008db', '2026-03-07', 'Eye discharge bilateral. Chloramphenicol drops 5d.', null),
  ('0e3300bb-dd66-4fe4-86f1-88f35354cfec', 'cadbc9c8-678c-4a90-8c57-d78cf38c5f0b', '2026-04-13', 'Upper respiratory infection. Doxycycline 13d + nebulisation.', null),
  ('a05f7fe7-41b2-4a24-aeb6-dc9b84e5346d', '080abf3c-523c-415e-90c6-c2969f419aa0', '2026-03-31', 'Flea infestation. Spot-on treatment applied. Environmental spray advised.', null),
  ('e97fd47a-b21e-441b-8a6b-47a4c7603767', '6ef746e8-77fc-447e-a0ec-6b5cb0b2d9cf', '2026-04-21', 'Pyoderma R flank. Cephalexin 12d course started.', null),
  ('b1ba6641-e86a-4fc3-b0e1-9e5e4333339c', '17393606-d930-4756-becb-f0faa263ece3', '2026-02-19', 'Pyoderma R flank. Cephalexin 7d course started.', null),
  ('ea4d46b3-d8cb-4505-b877-327cebb8e90b', 'c19d197f-cd83-4348-8a66-c8971dee456f', '2026-03-18', 'Gastric dilation — monitored, stable, sent home with instructions.', null),
  ('f6f95f90-e1ac-45a8-baee-f12afe9cfa02', '30541248-f3bc-4f31-9cd1-4647ebbb1621', '2026-04-23', 'Annual health check. All within normal limits. Vaccines updated.', null),
  ('f34a5b20-0040-4230-bc7b-890ab4a90e2d', 'c54a585d-fcc5-477e-86af-5c207476fb6f', '2026-04-22', 'Flea infestation. Spot-on treatment applied. Environmental spray advised.', null),
  ('4036ca1a-d66c-46a7-9db3-2542ce0211e9', '62292319-ab60-4018-b037-df63f1643a3a', '2026-04-19', 'Gastric dilation — monitored, stable, sent home with instructions.', null),
  ('6d098042-9ea5-4b63-b6b8-a0d9eb4bfc1e', '1d68fa9a-779b-4db0-9e60-6ac97224d5c7', '2026-03-25', 'Post-neuter day 0. Uncomplicated. E-collar + Carprofen.', null),
  ('30812195-9b7c-43f1-9e09-6fede5a7484b', '32850231-0e57-4b8e-84a6-4c62bf9f8da4', '2026-03-16', 'Wound laceration repair. 1 sutures placed.', null),
  ('79e98c79-5d2e-40b5-9007-826a3f433d3e', '12247f37-9cb5-4ec8-ac4f-600131645306', '2026-02-24', 'Heart murmur grade 3 detected. Echo referral issued.', null),
  ('bd1d02d8-f46c-40ad-8622-ad4ab5aa4c14', '321702ca-c6ee-4882-b6fb-b1fbed28d1b4', '2026-03-15', 'Vomiting x3 today. Antiemetic + IV fluids 4h. Sent home stable.', null),
  ('02e06d3f-6fd6-4e92-8cd8-18fe8f5a5c39', '1e7bb505-d33c-4fbb-8ad1-e96e81f1a7c8', '2026-02-16', 'Skin allergy work-up. Apoquel started. Recheck in 3 weeks.', null),
  ('b810818e-f21d-41c5-af84-ef9d280c19c6', 'c664641a-6869-447e-a8af-9b596c97cf11', '2026-03-25', 'Otitis externa left. Ear drops 8d course started.', null),
  ('656fb5f8-47ef-4903-9f54-b4f80852eecf', '914fba88-a134-4cb2-ab33-e849667b12ef', '2026-03-30', 'Ringworm confirmed. Itraconazole 10d + topical antifungal.', null),
  ('f851ae66-b229-4848-8d01-e0b5d1aad27e', '16b1d5cf-c078-4164-8738-2fb3cb6cf9dc', '2026-02-13', 'Heart murmur grade 3 detected. Echo referral issued.', null),
  ('a3e02060-d3e0-44d5-9fa3-bd85e92d84ca', 'cc2cedc0-646d-4801-9602-6247e6fcf13a', '2026-03-12', 'Diabetes mellitus diagnosed. Insulin protocol started.', null),
  ('07dd9b25-3618-44e5-8b67-bc094f5ef0c0', '3e916192-70e6-4c46-9585-58dc9988e645', '2026-04-15', 'Annual health check. All within normal limits. Vaccines updated.', null),
  ('24547134-7c84-4c5e-b59c-79c98942ac38', '282e5556-e50f-4273-a942-ab56ff9f4f7d', '2026-02-16', 'Otitis externa right. Ear drops 7d course started.', null),
  ('39154f9d-b97e-4e77-9651-db4af44009cf', '818ffd29-b915-46ed-8b45-85fcf519acec', '2026-03-26', 'First visit. Inappetence 8d. Physical exam performed.', null),
  ('406a4b94-e47d-4f7b-a916-1fbbb5f8424f', 'f73fd2eb-fc5a-45b9-af6c-8f923c6baaac', '2026-03-04', 'Skin allergy work-up. Apoquel started. Recheck in 3 weeks.', null),
  ('5cf6a42c-895a-43c9-ad4c-67cef2f21cdd', '7312d06e-9e40-4ad7-aee4-02780dd4db9e', '2026-02-14', 'Senior wellness panel. BUN 40. Renal diet started.', null),
  ('09389573-7d91-4fd0-9c76-4ff74bc0ed0f', '202f23de-74b3-4dae-9c7d-e6bcf128ad1e', '2026-03-15', 'Acute GI upset. Bland diet + metronidazole 6d.', null),
  ('8a94ea5b-a5e9-4e33-9062-46563803bb56', '89fd0637-352b-438a-8e35-a3211965f685', '2026-04-21', 'Senior wellness panel. BUN 53. Renal diet started.', null),
  ('2785aba5-22d9-4d30-9b51-26ab926a200f', 'd3599552-309c-45a0-b323-d33d2d6e1973', '2026-04-02', 'Heart murmur grade 3 detected. Echo referral issued.', null),
  ('a0899d98-02b9-4bac-b3ce-13134a4a61d9', '0fe4fc99-f6a2-484c-8fc6-5c7d22dd3a12', '2026-04-12', 'Skin allergy work-up. Apoquel started. Recheck in 3 weeks.', null),
  ('5ea583b2-a185-48f3-bca3-3d7088cd8954', 'a585e3ff-8678-4c1f-b949-d5df5883f988', '2026-02-20', 'Urinary tract infection. Amoxiclav 6d. Urine culture submitted.', null),
  ('960871cc-8f28-46a9-91a6-aded27d22c36', '9918df45-38c0-4e65-81d8-129cbb066b60', '2026-02-26', 'Abscess right cheek. Drained under sedation. Amoxiclav 5d.', null),
  ('dee30215-dcff-4564-9dd3-d99f47946d48', '9ab6346c-807c-4234-a7bd-f4ca510cf097', '2026-02-12', 'Vomiting x3 today. Antiemetic + IV fluids 4h. Sent home stable.', null),
  ('ea306253-653a-414d-a7bc-a5751d8a09d9', '72fb27c4-5f8e-4927-bdaf-25d1efb4d064', '2026-02-19', 'Skin allergy work-up. Apoquel started. Recheck in 3 weeks.', null),
  ('e486dbe7-3df1-4d02-8d24-5f9d5a5362d7', '39fb1389-d8fd-4762-8fd5-bca48ce7a6e4', '2026-02-23', 'Skin allergy work-up. Apoquel started. Recheck in 3 weeks.', null),
  ('478bc52e-1a3e-4ee2-9571-26580e9af17f', 'f67f509d-a815-48b6-a48f-5e18071782f7', '2026-02-27', 'Diabetes mellitus diagnosed. Insulin protocol started.', null),
  ('71b047e3-ef39-4997-baf8-270eb6ce9252', '522ddd81-2f62-4419-a167-7e392cd61770', '2026-03-10', 'Ringworm confirmed. Itraconazole 6d + topical antifungal.', null),
  ('47805d85-58e6-456c-9704-66a76c981ce7', 'b2ffcd71-c120-475a-a184-eb645c4e940d', '2026-04-05', 'Upper respiratory infection. Doxycycline 6d + nebulisation.', null),
  ('f1b9b865-3ca5-4ba4-a2e6-8a0d6830b920', '3ae8cd7e-caf1-40dc-9e36-ab8733028b4c', '2026-03-28', 'First visit. Inappetence 7d. Physical exam performed.', null),
  ('85e86e1d-da6b-4d96-886f-524ef7af646d', 'e4a3a4bb-2b5c-475b-85a2-5d7a10c66e01', '2026-03-09', 'Wound laceration repair. 3 sutures placed.', null),
  ('5105b84b-f847-4da3-b821-9f09980aae5a', 'fd3e9682-3d1c-485c-ad49-4aeb6cfa66a7', '2026-04-15', 'Eye discharge bilateral. Chloramphenicol drops 5d.', null),
  ('c1249cf9-91b9-4293-ba9b-72f20a3632b9', '8c58a880-1781-469d-90eb-c9b52641740a', '2026-02-14', 'Eye discharge bilateral. Chloramphenicol drops 5d.', null),
  ('787808d7-6700-4438-ab34-bf178029890f', '6ad297d6-b18a-47fb-92d2-ca8dcc248f6b', '2026-02-28', 'Dental scale + 3 extraction(s). Uncomplicated.', null),
  ('e8b276f4-efa1-4699-9e04-99ca29ba43c5', '28a303fa-9a21-4fd6-ba1a-704d59010082', '2026-02-19', 'Urinary tract infection. Amoxiclav 7d. Urine culture submitted.', null),
  ('0bf5585a-5d6a-4e4b-98bd-2aac0295ac07', '87f37376-6322-480d-957b-ef7ae95cab02', '2026-02-26', 'Gastric dilation — monitored, stable, sent home with instructions.', null),
  ('9702e505-641f-4cb2-b31b-cca47fd90c73', '2cbcf5ed-72be-41ef-b438-185139592f38', '2026-03-24', 'Post-spay day 0. Uncomplicated. Sent home on Meloxicam.', null),
  ('89622d27-7760-4b97-a35e-2ca37d63d231', 'db15f64a-2b8a-4244-9c75-574d16d8b098', '2026-03-02', 'Annual health check. All within normal limits. Vaccines updated.', null),
  ('b0a6635f-5709-439f-af83-68c5225ee357', '157779f0-0d0f-40cd-9207-2f5ec80d7ca7', '2026-02-24', 'Post-neuter day 0. Uncomplicated. E-collar + Carprofen.', null),
  ('04805338-e81a-47f8-a845-10ace0e11e79', '94db0a98-6c24-4250-821f-8c8677ffa7d5', '2026-03-03', 'Annual health check. All within normal limits. Vaccines updated.', null),
  ('efaa5c08-a628-4c4a-aae2-72bec0c60fc8', '0a6cc1b1-9ac1-402c-b188-84e176635234', '2026-02-15', 'Pyoderma R flank. Cephalexin 6d course started.', null),
  ('04d65502-2037-47ed-b213-d1a90e0ecc09', '15c90921-7ce5-4f01-888e-79e04cde3bbb', '2026-03-06', 'Eye discharge bilateral. Chloramphenicol drops 5d.', null),
  ('5fe94b5a-77a1-480a-93c1-75188772c45a', '297d9c1c-6481-4ea2-8484-367828cabe05', '2026-02-25', 'Vomiting x3 today. Antiemetic + IV fluids 4h. Sent home stable.', null),
  ('03bd9970-7f9c-47b8-b394-fc638122f421', 'd486d753-5b8e-4632-ac66-f73bfa22c9a9', '2026-03-25', 'Urinary tract infection. Amoxiclav 9d. Urine culture submitted.', null),
  ('9041d471-7836-4882-b9d5-6f56c406db7b', '9cb483cf-1214-4bfc-9d69-d0dde082d86d', '2026-04-11', 'Post-neuter day 0. Uncomplicated. E-collar + Carprofen.', null),
  ('71b7e802-8216-40de-a6e6-8270334433e7', '764d2041-55fa-4406-afed-ee50b2592026', '2026-03-30', 'TPLO post-op day 0. Right stifle. Carprofen + strict rest.', null),
  ('da3350e7-d63d-4b1f-8d78-4576772a8826', '80fe6bb9-7b2e-4ee7-b6b5-933e55195dd3', '2026-04-20', 'Upper respiratory infection. Doxycycline 13d + nebulisation.', null),
  ('6a8d91f7-47cd-4f15-a1bc-6017cf008a03', '5f0ffab6-09a2-425c-a707-5a86a698bbf3', '2026-04-08', 'Eye discharge bilateral. Chloramphenicol drops 5d.', null),
  ('16112ba7-ec9a-4ce9-98b5-f0dbf01dc978', 'ea8f52b3-1cfb-4ef7-b500-ff901c68155e', '2026-03-15', 'First visit. Inappetence 13d. Physical exam performed.', null),
  ('4b6293de-f890-4fb2-b9b3-f365472c6bae', '86dfa918-6f43-4244-9947-a347c2ed9a39', '2026-03-18', 'Otitis externa bilateral. Ear drops 11d course started.', null),
  ('d2cb7784-7ecf-47c7-b36a-18674947fd96', '4edb7424-2d33-4498-b956-f69edad32b8a', '2026-03-12', 'Abscess right cheek. Drained under sedation. Amoxiclav 13d.', null),
  ('92fe5ec3-9a73-4080-9f50-ad3fdc038d2d', 'd72efae0-3af2-440b-8df7-0d6229b8c76f', '2026-03-03', 'Wound laceration repair. 1 sutures placed.', null),
  ('5ad28939-3989-45a2-b659-19177843181f', 'ee0a0e09-7d00-49af-847d-0a48c8e1f2ba', '2026-02-24', 'First visit. Inappetence 7d. Physical exam performed.', null),
  ('cf7d9508-c663-418c-8174-ffdd9b508b2b', 'a1e0c061-b9d0-4bc9-8d89-fb596754b480', '2026-02-13', 'Wound laceration repair. 2 sutures placed.', null),
  ('9c9c2b76-5214-4138-9764-ea87a41a0e6f', '61c17948-fee4-4f33-9561-71bf40ab6b22', '2026-03-30', 'Skin allergy work-up. Apoquel started. Recheck in 3 weeks.', null),
  ('992306b5-a241-4360-b83a-65f51623f8b7', '392abfe7-d8dc-4b4a-9e0c-59a300b9938d', '2026-02-16', 'Heart murmur grade 3 detected. Echo referral issued.', null),
  ('2d4b9559-e967-4947-823f-456b0f703b99', '99925926-46d8-49fa-be20-8e03b1a10cf7', '2026-04-20', 'TPLO post-op day 0. Right stifle. Carprofen + strict rest.', null),
  ('bdb5164f-ed0d-4fe1-a7ac-f3cd5a7a019c', '67eff613-478e-401d-ae09-6e3de555c0f0', '2026-03-18', 'Post-spay day 0. Uncomplicated. Sent home on Meloxicam.', null),
  ('ea467ef1-1b6f-47de-a7ef-f00bf2db2c3a', '56c3e782-278f-4906-8a28-2252de11d5fc', '2026-03-30', 'Upper respiratory infection. Doxycycline 9d + nebulisation.', null),
  ('0ad48a73-c6e8-4730-84c8-2fb6d292216b', '7a93f58b-575f-4ace-9fa5-6e1b5adc63b6', '2026-02-16', 'Abscess right cheek. Drained under sedation. Amoxiclav 9d.', null),
  ('f209407d-6b70-44a0-b19b-bb69a2ae3a1a', '003dc73d-bc30-4e2e-8601-6fda9361eea8', '2026-02-21', 'Urinary tract infection. Amoxiclav 10d. Urine culture submitted.', null),
  ('da3979fa-b1ff-4311-871f-d53d10eab544', '7c799cee-d10c-42c3-91f6-786642a189b2', '2026-03-16', 'Wound laceration repair. 1 sutures placed.', null),
  ('5c1b60eb-0812-4818-8783-52dfe316d462', '2f55ba40-2917-42b6-9279-fdcc3f6a414b', '2026-02-14', 'Gastric dilation — monitored, stable, sent home with instructions.', null),
  ('fb0e7277-5b0a-441d-8564-940caaa80f3c', 'ad5425a8-f23b-49bf-b474-54195fb69e19', '2026-03-14', 'First visit. Inappetence 12d. Physical exam performed.', null),
  ('d0ab19b6-a74a-4753-a9ee-5d14d24c7185', '815c5416-7dbd-44ca-9b71-5172ce52e409', '2026-02-22', 'Heart murmur grade 3 detected. Echo referral issued.', null),
  ('8b0ffc64-ea13-470e-aa4c-5f3536b553a9', 'f350877b-60fd-4757-a0b4-34cd6464425b', '2026-03-11', 'Senior wellness panel. BUN 31. Renal diet started.', null),
  ('e8ec948c-0ac7-4ee2-a767-27ff9da459a7', 'eeae3366-640e-43d2-9096-002e9094e4d6', '2026-04-21', 'TPLO post-op day 0. Right stifle. Carprofen + strict rest.', null),
  ('c12fbe75-beca-488c-87db-0d6c57cf4806', 'f9999d4c-3606-43cc-a30e-add7601f1b4f', '2026-03-27', 'TPLO post-op day 0. Right stifle. Carprofen + strict rest.', null),
  ('b9bdf389-3b1c-47cc-8b37-0095cab83634', '9f980d86-5a63-4550-b912-b7daa60335c6', '2026-02-26', 'Annual health check. All within normal limits. Vaccines updated.', null),
  ('5fdcabe5-a287-4624-a8ab-5419ee542838', 'b00d7d5a-0d34-47e3-8ebc-c8cfeed05c5a', '2026-02-16', 'Cruciate ligament injury suspected. X-ray + referral.', null),
  ('317cfbb0-dde9-47ea-a64a-ad1d81add00b', '459f7c91-d6e7-462e-9285-a8fa4e1d6e45', '2026-03-20', 'Post-spay day 0. Uncomplicated. Sent home on Meloxicam.', null),
  ('ea55f220-d5c0-4f87-8113-ea8e0a1185c9', '4ef8d984-205a-49db-a046-e2451f40a641', '2026-02-17', 'Pyoderma L flank. Cephalexin 14d course started.', null),
  ('49c29ca7-380e-426d-8658-575487f3e852', '71011f46-c4a9-4c41-907a-da7ba5618125', '2026-03-22', 'Upper respiratory infection. Doxycycline 11d + nebulisation.', null),
  ('f5175c92-12bd-481a-b4e1-eac304c91ec6', '23ea960d-3f7a-4184-969f-2cc9db71d39d', '2026-03-25', 'Ringworm confirmed. Itraconazole 6d + topical antifungal.', null),
  ('455f4da8-c17c-436b-b724-d9473c4463a2', '2db52b5b-d938-43f8-b32e-a4c20b85a4a0', '2026-03-05', 'Upper respiratory infection. Doxycycline 5d + nebulisation.', null),
  ('19c4aaf8-87e4-4455-bc0c-61978e583571', '258015cb-7010-4bf7-80e7-7c7dc571de28', '2026-04-04', 'TPLO post-op day 0. Right stifle. Carprofen + strict rest.', null),
  ('e964e648-40d4-4f74-9a70-d1cc7a74c6c8', '68a07a89-bc7d-4e68-ba4f-b846117eb120', '2026-04-20', 'First visit. Inappetence 9d. Physical exam performed.', null),
  ('d3713814-57d2-4d4b-a477-c8e44bd8e5a7', 'fd53f6ac-0990-471d-b88a-5086514782a4', '2026-03-21', 'Cruciate ligament injury suspected. X-ray + referral.', null),
  ('92603a0f-c619-4262-8be5-dea4a01674b8', '297ce9b4-1ea6-4a0b-8dab-a81e2bdffddf', '2026-03-30', 'Gastric dilation — monitored, stable, sent home with instructions.', null),
  ('3e38dc64-6b63-4833-a938-53cb74d34587', '3e8d2f0b-0727-45d5-9ef3-6d4f66fe5bab', '2026-02-12', 'First visit. Inappetence 13d. Physical exam performed.', null),
  ('be0c7b74-ce1f-49b5-b837-c16afaf74bf3', '5176ecf5-17ae-4cf0-b99b-088b59f8fa52', '2026-04-08', 'Ringworm confirmed. Itraconazole 13d + topical antifungal.', null),
  ('bee7f50d-4028-405c-ad20-9862e1ba0e79', '7a991886-18fa-4bfd-a6d8-e3bafd288afd', '2026-04-13', 'Wound laceration repair. 1 sutures placed.', null),
  ('c1b0f1df-c65e-4a17-8e22-e7cba3e68916', '106b51eb-9ad0-4b07-b98a-cd65180763e7', '2026-04-22', 'Abscess right cheek. Drained under sedation. Amoxiclav 12d.', null),
  ('eda98f54-11a0-43c1-b61a-412897bc1e48', 'a32c76c3-5bf9-4326-be67-f6abb344f0ee', '2026-02-14', 'Upper respiratory infection. Doxycycline 14d + nebulisation.', null),
  ('1015f5d7-3bbb-48e7-aa3d-b569a9957061', '1c6ac04b-248c-40eb-8c83-3894e0d8f1b8', '2026-03-19', 'First visit. Inappetence 6d. Physical exam performed.', null),
  ('c7813b98-d3b8-4aa2-b79e-eaed95ed2bd8', '2aaa28ca-d4af-49a5-88e4-e641b82299ab', '2026-03-08', 'Ringworm confirmed. Itraconazole 11d + topical antifungal.', null),
  ('90ccb714-8947-4467-9a33-30ac6a4686fa', '753ed31b-c839-4559-96cc-be790c45d6c6', '2026-04-12', 'TPLO post-op day 0. Right stifle. Carprofen + strict rest.', null),
  ('1f40fffe-4d0d-463a-8a57-c9a5c3f28274', '7e1faf89-8fb5-43e8-8c08-5757f7678552', '2026-04-12', 'Pyoderma L flank. Cephalexin 11d course started.', null),
  ('06f5ffba-7230-41c6-b366-de3046c1493b', '591ba1cd-9b10-4aa7-b91f-1310e95c6e4f', '2026-02-13', 'Eye discharge bilateral. Chloramphenicol drops 5d.', null),
  ('5c2e5073-ec8d-4105-84db-fa008a44cc6f', '2698f9ab-9b12-44ff-b769-96496db964f8', '2026-02-14', 'TPLO post-op day 0. Right stifle. Carprofen + strict rest.', null);

-- ─── followups (50 rows) ──────────────────────────────────────────────────
insert into followups (
  id, visit_id, scheduled_at, sent_at, status,
  owner_message, glm_decision, confidence, differentials, draft_response, recommended_action, doctor_approved
) values
  ('091d6ac8-980f-4eb1-81f5-feb0a72975c3', '2c424e46-e8dd-4986-987c-1f4b8f70a3c4', '2026-04-20 17:35:40', '2026-04-23 15:01:40', 'monitor',
   'He''s putting weight on the leg now, favouring it less.', 'monitor', 0.73, null, 'Hi Nurul, the improvement is a good sign. Continue as instructed and message us if symptoms worsen. — Peng Aun Clinic Penang', 'Monitor daily, return if deterioration noted', true),
  ('58a0aac2-8e04-4a61-b515-8ad309b77ba5', 'bc74de32-f6d0-4a89-b204-7a216ad75f38', '2026-04-20 17:35:40', '2026-04-23 16:32:40', 'monitor',
   'Energy about 60% of normal. Soft food okay. Poop normal this morning.', 'monitor', 0.76, null, 'Hi Suresh, the improvement is a good sign. Continue as instructed and message us if symptoms worsen. — Peng Aun Clinic Penang', 'Monitor daily, return if deterioration noted', true),
  ('be3bcf99-a8c0-4075-be71-74a4170ec48e', '1ad36c56-4e40-4634-89a2-c6cb83680212', '2026-04-17 17:35:40', '2026-04-23 13:34:40', 'monitor',
   'She had a normal poop today — first solid one since the visit!', 'monitor', 0.8, null, 'Hi Kevin, sounds like Max is on the right track. Continue medication and update us if anything changes. — Peng Aun Clinic Penang', 'Continue current medication, recheck in 48h if no improvement', true),
  ('628f1cde-c192-43fd-aa92-e9fcc86f7a10', 'f6c1f85d-1203-4f3f-bdd1-282a7de35217', '2026-04-17 17:35:40', '2026-04-23 13:15:40', 'escalate',
   'He seems confused and keeps walking into walls. Started an hour ago.', 'escalate', 0.9, '[{"cause":"GDV","probability":0.65,"tone":"red"},{"cause":"Gastritis","probability":0.35,"tone":"yellow"}]'::jsonb, 'Hi Michelle, this sounds like it needs immediate attention. Bring Rambo in today at 2:30pm. — Peng Aun Clinic Penang', 'Emergency visit — check gum colour, monitor vitals en route', false),
  ('f22b2fab-b4a8-4a07-916c-4e47f800470e', '519ed76c-eb7c-47f6-805d-6ebad68e7e18', '2026-04-21 17:35:40', '2026-04-23 13:54:40', 'clear',
   'She''s bossy and loud again — clearly 100% herself. Thank you so much!', 'clear', 0.9, null, 'Wonderful news, Marcus! Glad Rex has recovered well. Take care! — Peng Aun Clinic Penang', 'No further action needed — archive case', true),
  ('26ab45d7-4733-4e7e-867c-765decd6590c', 'c96fcec7-5a48-42f4-b570-8b0b3e69185a', '2026-04-18 17:35:40', '2026-04-23 13:11:40', 'escalate',
   'Temperature is 40.2°C and she''s shivering. Won''t stand up since last night.', 'escalate', 0.86, '[{"cause":"Urinary blockage","probability":0.80,"tone":"red"},{"cause":"UTI","probability":0.20,"tone":"yellow"}]'::jsonb, 'Hi Aaron, this sounds like it needs immediate attention. Bring Sadie in today at 3:45pm. — Peng Aun Clinic Penang', 'Emergency visit — check gum colour, monitor vitals en route', false),
  ('ec6f1b25-3bb7-407d-a8f9-35e8d3d03a7b', '0291cc80-0efa-4ce7-a654-ca870367a195', '2026-04-17 17:35:40', '2026-04-23 12:56:40', 'clear',
   'No limping at all. Surgery was a success — she ran in the park today!', 'clear', 0.95, null, 'Hi Ryan, so happy to hear Zoe is back to full form! No further action needed. See you at the next annual checkup! 🐾 — Peng Aun Clinic Penang', 'Case resolved — schedule next annual checkup', true),
  ('97e83ed6-d2d6-40f1-95d6-1272b68df44f', '39fd4a6f-131c-49aa-b116-aceb1fbd72ca', '2026-04-21 17:35:40', '2026-04-23 11:59:40', 'monitor',
   'Completed day 4 of 7 antibiotics. Limp slightly better but still there.', 'monitor', 0.8, null, 'Hi Bryan, sounds like Amber is on the right track. Continue medication and update us if anything changes. — Peng Aun Clinic Penang', 'Continue bland diet 2 more days, transition slowly', true),
  ('2f3e029d-63c9-4ddf-991e-1f13ba27d606', '73d46612-6ac2-4376-9e4e-9de05fc40794', '2026-04-22 17:35:40', '2026-04-23 17:25:40', 'monitor',
   'Swelling reduced by about half. Keeping him calm as instructed.', 'monitor', 0.84, null, 'Hi Rosnah, the improvement is a good sign. Continue as instructed and message us if symptoms worsen. — Peng Aun Clinic Penang', 'Monitor daily, return if deterioration noted', true),
  ('5094d0da-813f-4dd2-a9dc-00eb7b71a70c', 'aff3382d-b576-4329-af6e-921ef5044bde', '2026-04-18 17:35:40', '2026-04-23 11:38:40', 'escalate',
   'He hasn''t urinated in over 24 hours and cries when he tries. Emergency?', 'escalate', 0.91, '[{"cause":"Urinary blockage","probability":0.80,"tone":"red"},{"cause":"UTI","probability":0.20,"tone":"yellow"}]'::jsonb, 'Hi Nadia, based on what you''ve described, we''d like to see Tofu today. Please come in at 10:30am. — Peng Aun Clinic Penang', 'Immediate consult — suspected urinary blockage, life-threatening', false),
  ('54716fcd-1f24-4fb5-a07a-deb6a2ba317a', 'b75a9714-6b15-49a3-9e84-1685976a02de', '2026-04-20 17:35:40', '2026-04-23 17:18:40', 'monitor',
   'Ear looks cleaner, less head-shaking. Finishing last 2 days of drops.', 'monitor', 0.76, null, 'Hi Anand, the improvement is a good sign. Continue as instructed and message us if symptoms worsen. — Peng Aun Clinic Penang', 'Complete full course, recheck in 10 days', true),
  ('77c38c04-b72d-4238-bd86-b6cc86292492', '73ade415-580f-4058-82cc-b780769226d1', '2026-04-22 17:35:40', '2026-04-23 16:18:40', 'clear',
   'Completely fine now — running around and being a pest as usual. Thank you!', 'clear', 0.92, null, 'Wonderful news, Marcus! Glad Bailey has recovered well. Take care! — Peng Aun Clinic Penang', 'Auto-reply sent, case closed', true),
  ('c7531af3-c9ec-452d-84f3-5a288dd77c75', '3241969c-dcec-495b-b3e1-dc4f4fd57798', '2026-04-19 17:35:40', '2026-04-23 14:32:40', 'escalate',
   'The swelling on her leg has doubled since yesterday and is hot to touch.', 'escalate', 0.91, '[{"cause":"Surgical dehiscence","probability":0.70,"tone":"red"},{"cause":"Seroma","probability":0.30,"tone":"yellow"}]'::jsonb, 'Hi Anand, this sounds like it needs immediate attention. Bring Lily in today at 3:15pm. — Peng Aun Clinic Penang', 'Immediate consult — suspected urinary blockage, life-threatening', false),
  ('ca1621be-be95-4743-acdd-ca47c105b219', '81e60650-a999-443b-a767-a0f44d31ad74', '2026-04-22 17:35:40', '2026-04-23 14:57:40', 'escalate',
   'The incision opened up — I can see something yellowish underneath.', 'escalate', 0.9, '[{"cause":"Seizure disorder","probability":0.60,"tone":"red"},{"cause":"Toxin ingestion","probability":0.40,"tone":"red"}]'::jsonb, 'Hi Norhaslinda, this sounds like it needs immediate attention. Bring Teh in today at 4:00pm. — Peng Aun Clinic Penang', 'Urgent consult — rule out post-op infection or internal complication', false),
  ('4d0b72cf-c3ff-4e8f-81f6-5f9bceece0c8', '54b1e133-cc65-4693-8774-eba099f4ffd5', '2026-04-17 17:35:40', '2026-04-23 16:35:40', 'clear',
   'He''s chasing his tail again — definitely back to normal 😂', 'clear', 0.88, null, 'Hi Nadia, so happy to hear Coco is back to full form! No further action needed. See you at the next annual checkup! 🐾 — Peng Aun Clinic Penang', 'Case resolved — schedule next annual checkup', true),
  ('914406dd-324a-410d-8135-8f0a2a32a528', 'ded52d00-a9be-489a-b371-e5dbdca97285', '2026-04-18 17:35:40', '2026-04-23 13:52:40', 'monitor',
   'Energy about 60% of normal. Soft food okay. Poop normal this morning.', 'monitor', 0.78, null, 'Hi Justin, sounds like Rusty is on the right track. Continue medication and update us if anything changes. — Peng Aun Clinic Penang', 'Continue bland diet 2 more days, transition slowly', true),
  ('ee040167-0fd3-4d32-928e-60fcce67bf97', '40f8e3dc-41b0-4ac5-8d96-cd39de33d2aa', '2026-04-19 17:35:40', '2026-04-23 17:16:40', 'escalate',
   'Her eye looks like it''s bulging out since this morning and she''s crying.', 'escalate', 0.81, '[{"cause":"Seizure disorder","probability":0.60,"tone":"red"},{"cause":"Toxin ingestion","probability":0.40,"tone":"red"}]'::jsonb, 'Hi Norhaslinda, this sounds like it needs immediate attention. Bring Mango in today at 4:00pm. — Peng Aun Clinic Penang', 'Emergency visit — check gum colour, monitor vitals en route', false),
  ('1b42290a-3faf-45d3-bb2b-5f08c31782cd', '5f01d126-2e2e-4318-bca6-d90559664d1c', '2026-04-21 17:35:40', '2026-04-23 15:08:40', 'escalate',
   'He seems confused and keeps walking into walls. Started an hour ago.', 'escalate', 0.85, '[{"cause":"Surgical dehiscence","probability":0.70,"tone":"red"},{"cause":"Seroma","probability":0.30,"tone":"yellow"}]'::jsonb, 'Hi Farah, we''re concerned about what you''ve described. Please bring Milo in for an urgent check at 2:30pm. Avoid food/water 2h before. — Peng Aun Clinic Penang', 'Same-day recheck — needs re-examination under sedation', false),
  ('d49a4909-3bc0-420f-ba23-29e207c4eab9', '0161c7fc-c725-4263-ae1a-d8e958f5f1c6', '2026-04-20 17:35:40', '2026-04-23 14:44:40', 'escalate',
   'She vomited the medication within 10 minutes both times. What next?', 'escalate', 0.93, '[{"cause":"GDV","probability":0.65,"tone":"red"},{"cause":"Gastritis","probability":0.35,"tone":"yellow"}]'::jsonb, 'Hi Suresh, based on what you''ve described, we''d like to see Teh today. Please come in at 10:30am. — Peng Aun Clinic Penang', 'Same-day recheck — needs re-examination under sedation', false),
  ('42b8726c-ff3d-4a83-a255-18646dab618b', '0b64d6a5-3290-4779-bc75-fe91c64cf83d', '2026-04-18 17:35:40', '2026-04-23 12:03:40', 'clear',
   'Back to normal weight and eating well. The vet diet is working!', 'clear', 0.9, null, 'Hi Vanessa, so happy to hear Maggie is back to full form! No further action needed. See you at the next annual checkup! 🐾 — Peng Aun Clinic Penang', 'Case resolved — schedule next annual checkup', true),
  ('07dd7cf9-ee99-4435-81f7-2d6834832881', 'bb54b0b5-75e0-4639-9a37-997ed3a4b1dd', '2026-04-20 17:35:40', '2026-04-23 13:36:40', 'monitor',
   'Swelling reduced by about half. Keeping him calm as instructed.', 'monitor', 0.79, null, 'Hi Fadzillah, the improvement is a good sign. Continue as instructed and message us if symptoms worsen. — Peng Aun Clinic Penang', 'Continue bland diet 2 more days, transition slowly', true),
  ('9a271de4-c4ae-4d29-9763-488855b466cc', 'ff0db06c-16b5-4808-b803-dc571e2327bd', '2026-04-20 17:35:40', '2026-04-23 16:30:40', 'escalate',
   'The swelling on her leg has doubled since yesterday and is hot to touch.', 'escalate', 0.79, '[{"cause":"Urinary blockage","probability":0.80,"tone":"red"},{"cause":"UTI","probability":0.20,"tone":"yellow"}]'::jsonb, 'Hi Suresh, we''re concerned about what you''ve described. Please bring Mochi in for an urgent check at 11:00am. Avoid food/water 2h before. — Peng Aun Clinic Penang', 'Same-day recheck — needs re-examination under sedation', false),
  ('58100781-dbbd-4b0b-a9c8-cbefb7257dd0', '33e56c53-cdac-42e1-85d0-d055c1e97d70', '2026-04-18 17:35:40', '2026-04-23 14:12:40', 'monitor',
   'He managed to climb the stairs today — slow but better than yesterday.', 'monitor', 0.73, null, 'Hi Farah, sounds like Rusty is on the right track. Continue medication and update us if anything changes. — Peng Aun Clinic Penang', 'Complete full course, recheck in 10 days', true),
  ('ad87dccf-5baf-4ad4-b05a-e4491a1521ee', 'd34497ac-fa3a-4746-8787-d0c8f045ebfd', '2026-04-19 17:35:40', '2026-04-23 12:05:40', 'escalate',
   'His breathing is very fast even when resting — about 40 breaths/min.', 'escalate', 0.85, '[{"cause":"Urinary blockage","probability":0.80,"tone":"red"},{"cause":"UTI","probability":0.20,"tone":"yellow"}]'::jsonb, 'Hi Nadia, based on what you''ve described, we''d like to see Caramel today. Please come in at 3:45pm. — Peng Aun Clinic Penang', 'Same-day recheck — needs re-examination under sedation', false),
  ('1792e015-38f3-44fb-8010-46683dfa28de', 'fb466b6b-712c-4e23-a66f-c9c2f1b8dcd7', '2026-04-20 17:35:40', '2026-04-23 13:40:40', 'escalate',
   'He bit the e-collar off and licked the wound. It looks moist now.', 'escalate', 0.83, '[{"cause":"Surgical dehiscence","probability":0.70,"tone":"red"},{"cause":"Seroma","probability":0.30,"tone":"yellow"}]'::jsonb, 'Hi Deepa, based on what you''ve described, we''d like to see Mochi today. Please come in at 11:00am. — Peng Aun Clinic Penang', 'Same-day recheck — needs re-examination under sedation', false),
  ('abeb0140-417a-4d07-9655-40101a242478', '02448841-0933-425f-a01f-73af8037cc13', '2026-04-16 17:35:40', '2026-04-23 14:14:40', 'monitor',
   'Appetite 80% back. Medication going down fine hidden in chicken.', 'monitor', 0.77, null, 'Hi Zulkifli, sounds like Bella is on the right track. Continue medication and update us if anything changes. — Peng Aun Clinic Penang', 'Complete full course, recheck in 10 days', true),
  ('e817a767-460a-441c-98ea-f1b0b6110db9', '933f0234-2012-40e8-b8cb-23ac80d2ff0c', '2026-04-19 17:35:40', '2026-04-23 16:05:40', 'clear',
   'Finished all medication and totally fine. Energy back to normal. Thank you!', 'clear', 0.92, null, 'Wonderful news, Rajan! Glad Duke has recovered well. Take care! — Peng Aun Clinic Penang', 'Case resolved — schedule next annual checkup', true),
  ('edfe898c-b95f-4387-8953-837542b3025c', '09bc1b3d-fe9e-4df7-95c7-50d926e12547', '2026-04-20 17:35:40', '2026-04-23 17:14:40', 'clear',
   'Fully healed, fur growing back over the incision. You''re amazing, doc! 🙏', 'clear', 0.95, null, 'Hi Aisyah, so happy to hear Maple is back to full form! No further action needed. See you at the next annual checkup! 🐾 — Peng Aun Clinic Penang', 'Auto-reply sent, case closed', true),
  ('00ef5ce2-ad93-4646-8429-6439106604e6', 'f3a1ac7c-6ae6-4a26-8825-df14be880fa0', '2026-04-18 17:35:40', '2026-04-23 13:17:40', 'monitor',
   'Energy about 60% of normal. Soft food okay. Poop normal this morning.', 'monitor', 0.73, null, 'Hi Khairul, the improvement is a good sign. Continue as instructed and message us if symptoms worsen. — Peng Aun Clinic Penang', 'Monitor daily, return if deterioration noted', true),
  ('5360c00b-194a-4b83-92a8-160aed83fe71', 'e35896a1-fdc2-4f30-a374-818ee4b51cc5', '2026-04-16 17:35:40', '2026-04-23 14:23:40', 'clear',
   'Fully healed, fur growing back over the incision. You''re amazing, doc! 🙏', 'clear', 0.9, null, 'Hi Ahmad, so happy to hear Tiger is back to full form! No further action needed. See you at the next annual checkup! 🐾 — Peng Aun Clinic Penang', 'No further action needed — archive case', true),
  ('3f6fe79e-6152-402b-baf2-d18018f5b4ba', '0f614ca3-65b2-4997-a75f-fd8e7aeb116a', '2026-04-17 17:35:40', '2026-04-23 11:56:40', 'escalate',
   'He seems confused and keeps walking into walls. Started an hour ago.', 'escalate', 0.95, '[{"cause":"Extraction socket breakdown","probability":0.72,"tone":"red"},{"cause":"Normal post-op oozing","probability":0.28,"tone":"green"}]'::jsonb, 'Hi Kevin, we''re concerned about what you''ve described. Please bring Midnight in for an urgent check at 10:00am. Avoid food/water 2h before. — Peng Aun Clinic Penang', 'Bring in today — photo + temp reading first if possible', false),
  ('e1f0d637-36a2-4281-ba7b-1084ae26b899', '20ce9839-8ad8-44b1-af20-5b30b1bd751e', '2026-04-16 17:35:40', '2026-04-23 16:46:40', 'clear',
   'Poop solid, energy back, tail wagging non-stop. Absolute legend.', 'clear', 0.92, null, 'Hi Siti, so happy to hear Ruby is back to full form! No further action needed. See you at the next annual checkup! 🐾 — Peng Aun Clinic Penang', 'Case resolved — schedule next annual checkup', true),
  ('0622536c-c75b-4eb4-af9b-911363b10b43', 'd1c74615-fb09-4d60-bd98-b9100bf469db', '2026-04-17 17:35:40', '2026-04-23 14:31:40', 'escalate',
   'The incision opened up — I can see something yellowish underneath.', 'escalate', 0.92, '[{"cause":"Extraction socket breakdown","probability":0.72,"tone":"red"},{"cause":"Normal post-op oozing","probability":0.28,"tone":"green"}]'::jsonb, 'Hi Audrey, based on what you''ve described, we''d like to see Simba today. Please come in at 4:00pm. — Peng Aun Clinic Penang', 'Immediate consult — suspected urinary blockage, life-threatening', false),
  ('6d0dc688-59fb-474a-943c-b8894de194f2', 'a55efa30-338f-4ad0-aad5-2c832781a2fa', '2026-04-16 17:35:40', '2026-04-23 17:00:40', 'escalate',
   'She''s having trouble breathing — chest moving weird and non-stop panting.', 'escalate', 0.91, '[{"cause":"Extraction socket breakdown","probability":0.72,"tone":"red"},{"cause":"Normal post-op oozing","probability":0.28,"tone":"green"}]'::jsonb, 'Hi Deepa, we''re concerned about what you''ve described. Please bring Pearl in for an urgent check at 3:45pm. Avoid food/water 2h before. — Peng Aun Clinic Penang', 'Same-day recheck — needs re-examination under sedation', false),
  ('e4e9899e-fcbd-4fc3-8505-d6c4a87aca06', '17865306-6bbe-4108-8431-01fb62d68f7c', '2026-04-20 17:35:40', '2026-04-23 15:01:40', 'monitor',
   'She had a normal poop today — first solid one since the visit!', 'monitor', 0.79, null, 'Hi Ahmad, the improvement is a good sign. Continue as instructed and message us if symptoms worsen. — Peng Aun Clinic Penang', 'Complete full course, recheck in 10 days', true),
  ('8b7acccd-6ae2-4a9f-b6a8-5db749746c3f', '4dc7b5c2-c087-4162-bd90-7ee7ebcb323c', '2026-04-22 17:35:40', '2026-04-23 15:09:40', 'monitor',
   'Lump seems same size — not bigger, not smaller. Should I be worried?', 'monitor', 0.72, null, 'Hi Syazwani, sounds like Zoe is on the right track. Continue medication and update us if anything changes. — Peng Aun Clinic Penang', 'Monitor daily, return if deterioration noted', true),
  ('67e465ce-76a2-4058-a569-bba4b10e0640', '87eb2039-7267-4683-9884-5c9a04376603', '2026-04-16 17:35:40', '2026-04-23 11:44:40', 'escalate',
   'He''s vomiting every 30 minutes since midnight and there''s blood in it now.', 'escalate', 0.9, '[{"cause":"Extraction socket breakdown","probability":0.72,"tone":"red"},{"cause":"Normal post-op oozing","probability":0.28,"tone":"green"}]'::jsonb, 'Hi Michelle, based on what you''ve described, we''d like to see Ivy today. Please come in at 11:00am. — Peng Aun Clinic Penang', 'Same-day recheck — needs re-examination under sedation', false),
  ('d94bd81c-13f4-4b13-bd02-556b4a99de4a', '3397efb5-58de-4ac9-b19f-48ba7dc5a67a', '2026-04-19 17:35:40', '2026-04-23 13:39:40', 'escalate',
   'The stitches look like they''ve come apart on one end. Is this bad?', 'escalate', 0.89, '[{"cause":"Urinary blockage","probability":0.80,"tone":"red"},{"cause":"UTI","probability":0.20,"tone":"yellow"}]'::jsonb, 'Hi Liyana, based on what you''ve described, we''d like to see Ivy today. Please come in at 3:45pm. — Peng Aun Clinic Penang', 'Emergency visit — check gum colour, monitor vitals en route', false),
  ('22e10587-0fd9-4fb1-93db-bb231854d63f', '84c5ecf3-ca3b-4748-a5fe-91f6c619a883', '2026-04-19 17:35:40', '2026-04-23 13:21:40', 'escalate',
   'Temperature is 40.2°C and she''s shivering. Won''t stand up since last night.', 'escalate', 0.91, '[{"cause":"Urinary blockage","probability":0.80,"tone":"red"},{"cause":"UTI","probability":0.20,"tone":"yellow"}]'::jsonb, 'Hi Arjun, this sounds like it needs immediate attention. Bring Nala in today at 10:30am. — Peng Aun Clinic Penang', 'Urgent consult — rule out post-op infection or internal complication', false),
  ('45e8d1a9-bfd8-409b-9479-d1a45e2424e6', 'b082fe7a-d9cd-4606-9f3c-cf3bff9df296', '2026-04-22 17:35:40', '2026-04-23 13:36:40', 'clear',
   'Fully healed, fur growing back over the incision. You''re amazing, doc! 🙏', 'clear', 0.96, null, 'Hi Sophia, so happy to hear Midnight is back to full form! No further action needed. See you at the next annual checkup! 🐾 — Peng Aun Clinic Penang', 'No further action needed — archive case', true),
  ('931376b2-fc44-4a28-a95b-83fc87745e08', '0439efec-3cc4-4498-9f54-4021fb4f45b4', '2026-04-16 17:35:40', '2026-04-23 15:42:40', 'clear',
   'Completely fine now — running around and being a pest as usual. Thank you!', 'clear', 0.9, null, 'Wonderful news, Aisyah! Glad Ginger has recovered well. Take care! — Peng Aun Clinic Penang', 'Case resolved — schedule next annual checkup', true),
  ('4a86242c-20fd-4f53-8006-300b06a5de4a', '22a1f62a-0e27-4108-98e8-702a6aa896c0', '2026-04-18 17:35:40', '2026-04-23 16:24:40', 'escalate',
   'He hasn''t urinated in over 24 hours and cries when he tries. Emergency?', 'escalate', 0.83, '[{"cause":"GDV","probability":0.65,"tone":"red"},{"cause":"Gastritis","probability":0.35,"tone":"yellow"}]'::jsonb, 'Hi Emily, this sounds like it needs immediate attention. Bring Bailey in today at 4:00pm. — Peng Aun Clinic Penang', 'Immediate consult — suspected urinary blockage, life-threatening', false),
  ('21535ed2-36fb-4b52-8b54-ff5c8bd99c73', 'ec0f1d82-6efc-4ba6-93fd-d8dd1ca7577d', '2026-04-22 17:35:40', '2026-04-23 16:27:40', 'monitor',
   'She''s eating her full portion but still a bit lethargic in the evenings.', 'monitor', 0.71, null, 'Hi Meena, sounds like Waffles is on the right track. Continue medication and update us if anything changes. — Peng Aun Clinic Penang', 'Monitor daily, return if deterioration noted', true),
  ('5bb14a9e-0032-4ffe-87e4-9fe6029d14be', '1b131f60-f83e-4a37-a5cc-a2df673c1aa3', '2026-04-21 17:35:40', '2026-04-23 11:38:40', 'monitor',
   'Ear looks cleaner, less head-shaking. Finishing last 2 days of drops.', 'monitor', 0.7, null, 'Hi James, the improvement is a good sign. Continue as instructed and message us if symptoms worsen. — Peng Aun Clinic Penang', 'Monitor daily, return if deterioration noted', true),
  ('e0c51b3f-42de-4125-bc6a-0e46e9f28621', 'bec80f48-424a-4ef1-99b1-a03e559a6115', '2026-04-22 17:35:40', '2026-04-23 11:55:40', 'escalate',
   'The swelling on her leg has doubled since yesterday and is hot to touch.', 'escalate', 0.94, '[{"cause":"GDV","probability":0.65,"tone":"red"},{"cause":"Gastritis","probability":0.35,"tone":"yellow"}]'::jsonb, 'Hi Khairul, based on what you''ve described, we''d like to see Durian today. Please come in at 11:00am. — Peng Aun Clinic Penang', 'Urgent consult — rule out post-op infection or internal complication', false),
  ('4c9c0cff-9086-4600-bff1-adaa85bf19bd', '8fff243b-6d1c-4b20-8971-675c0a8447a6', '2026-04-22 17:35:40', '2026-04-23 14:08:40', 'monitor',
   'Lump seems same size — not bigger, not smaller. Should I be worried?', 'monitor', 0.76, null, 'Hi Priya, sounds like Rex is on the right track. Continue medication and update us if anything changes. — Peng Aun Clinic Penang', 'Complete full course, recheck in 10 days', true),
  ('2e1bab35-c394-4a10-9d9b-45fccaa51bd4', 'bd67c266-4721-40a1-8668-ef33151c094d', '2026-04-17 17:35:40', '2026-04-23 16:42:40', 'clear',
   'He''s chasing his tail again — definitely back to normal 😂', 'clear', 0.92, null, 'Hi Bryan, so happy to hear Tucker is back to full form! No further action needed. See you at the next annual checkup! 🐾 — Peng Aun Clinic Penang', 'Auto-reply sent, case closed', true),
  ('24d2ab1a-b06b-44ce-a9a6-bfc072c8ea16', 'ed177258-c330-4d62-b626-357e28cd8ba0', '2026-04-18 17:35:40', '2026-04-23 11:42:40', 'escalate',
   'He collapsed when trying to walk. Gums look white. Is this serious?', 'escalate', 0.8, '[{"cause":"Post-op infection","probability":0.65,"tone":"red"},{"cause":"Normal healing variation","probability":0.35,"tone":"green"}]'::jsonb, 'Hi Norhaslinda, this sounds like it needs immediate attention. Bring Tiger in today at 10:00am. — Peng Aun Clinic Penang', 'Same-day recheck — needs re-examination under sedation', false),
  ('37a8dd5a-6f7d-4a35-b0f6-14c1410e92b5', '2657a260-22df-42dc-81f6-b1f981e28dec', '2026-04-16 17:35:40', '2026-04-23 13:54:40', 'monitor',
   'Stool is firmer today, still a bit soft. Appetite back. Drinking well.', 'monitor', 0.8, null, 'Hi Arjun, sounds like Domino is on the right track. Continue medication and update us if anything changes. — Peng Aun Clinic Penang', 'Continue current medication, recheck in 48h if no improvement', true),
  ('ed18aa5d-8702-4d6a-92f1-30b3698e1c12', 'cdc3749e-66cc-400c-8e61-145088034e69', '2026-04-17 17:35:40', '2026-04-23 16:38:40', 'monitor',
   'He''s putting weight on the leg now, favouring it less.', 'monitor', 0.73, null, 'Hi Kavitha, sounds like Pearl is on the right track. Continue medication and update us if anything changes. — Peng Aun Clinic Penang', 'Continue current medication, recheck in 48h if no improvement', true);

commit;
